<?xml version="1.0" encoding="UTF-8"?>
<!DOCTYPE hibernate-mapping PUBLIC
"-//Hibernate/Hibernate Mapping DTD 3.0//EN"
"http://www.hibernate.org/dtd/hibernate-mapping-3.0.dtd">
<hibernate-mapping  package="com.virtusa.doctorappointmentproject.model">

 <class name="com.virtusa.doctorappointmentproject.model.Doctor" table="DoctorDetails">
  <id name="doctorMobile" type="string" length = "20" column="doctorMobile" >

  </id>
 
  <property name="doctorName" column="doctorName" type="string"/>
  <property name="doctorQualification" column="doctorQualification" type="string"/>
  <property name="doctorGender" column="doctorGender" type="string"/>
  <property name="doctorAge" column="doctorAge" type="int"/>
  <property name="doctorCity" column="doctorCity" type="string"/>
  <property name="doctorPassword" column="doctorPassword" type="string"/>
  <set name="doctorslot" inverse="true" cascade="all">
<key column="doctorMobile" not-null="true"/>
<one-to-many class="Doctorslot"/>
</set>

 </class>
 <class name="com.virtusa.doctorappointmentproject.model.PatientDetails" table="PatientDetails">
<id name="patientMobileNumber" type="string" length = "20" column="patientMobileNumber" >
  
  </id>
  <property name="patientName" column="patientName" type="string"/>
  <property name="patientAge" column="patientAge" type="int"/>
  <property name="patientGender" column="patientGender" type="string"/>
  <property name="patientPassword" column="patientPassword" type="string"/>
  <property name="patientConfirmPassword" column="patientConfirmPassword" type="string"/>
  
 
  
 </class>
 <class name="com.virtusa.doctorappointmentproject.model.PatientBookingDetails" table="Patient_booking_details">
 <id name="patientMobileNumber" type="string" length = "20" column="patientMobileNumber" >
 </id>
 <property name="patientNameBooking" column="patientNameBooking" type="string"/>
 <property name="patientAgeBooking" column="patientAgeBooking" type="int"/>
 <property name="patientGenderBooking" column="patientGenderBooking" type="string"/>
 <property name="datee" column="datee" type="string"/>
 <property name="dname" column="dname" type="string"/>
  <property name="time" column="time" type="string"/>
 
 </class>
 <class name="com.virtusa.doctorappointmentproject.model.Doctorslot" table="Doctorslot">
<id name="slotId" type="int"  length = "20" column="slotId" >
<generator class="increment"/>
  </id>
 
 <property name="d_name" column="d_name" type="string"/>
 <property name="date1" column="date1" type="string" />
 <property name="slot1" column="slot1" type="string"/>
 <property name="slot2" column="slot2" type="string"/>
 <property name="slot3" column="slot3" type="string"/>
 <property name="slot4" column="slot4" type="string"/>
 <property name="slot5" column="slot5" type="string"/>
 <many-to-one name="doctor" class="Doctor" column="doctorMobile" not-null="true"/>
 
 
 
 </class>
 
 <class name="com.virtusa.doctorappointmentproject.model.Admin" table="Admin">
  <id name="id" type="int"  column="id">
  <generator class="increment"/>
  

  </id>
 
  <property name="name" column="Name" type="string"/>
  <property name="userName" column="username" type="string"/>
  <property name="password" column="password" type="string"/>
 

 </class>
 

</hibernate-mapping>